{
  "optimal_temperature": 0.9953039549567468,
  "log_loss_before_ts": 0.3689778431086544,
  "log_loss_after_ts": 0.3689715148596093,
  "ece_before_ts": 0.0014053317194703228,
  "ece_after_ts": 0.001370020598752288
}